order_id,order_date,customer_id,acquisition_date,region,channel,product_category,units,unit_price_eur,unit_cost_eur,discount_rate
10001,2024-01-01,C0001,2024-01-01,North,Online,Home,4,64.55,29.54,0.10
10069,2024-01-01,C0037,2024-01-01,North,Online,Office,1,55.63,21.74,0.15
10455,2024-01-01,C0229,2024-01-01,North,Online,Office,2,46.10,23.40,0.05
10090,2024-01-08,C0049,2024-01-08,North,Store,Electronics,3,165.25,122.78,0.10
10316,2024-01-08,C0157,2024-01-08,North,Store,Home,5,64.71,29.74,0.10
10330,2024-01-10,C0169,2024-01-10,North,Online,Electronics,3,175.64,133.07,0.15
10138,2024-01-11,C0073,2024-01-11,North,Online,Office,1,50.16,23.09,0.00
10268,2024-01-11,C0133,2024-01-11,North,Online,Office,4,49.65,23.35,0.00
10290,2024-01-12,C0145,2024-01-12,North,Partner,Accessories,2,21.57,9.15,0.15
10214,2024-01-13,C0109,2024-01-13,North,Online,Office,5,56.54,22.38,0.05
10350,2024-01-16,C0181,2024-01-16,North,Online,Office,2,49.87,24.20,0.00
10375,2024-01-16,C0193,2024-01-16,North,Online,Electronics,5,166.24,124.11,0.00
10046,2024-01-18,C0025,2024-01-18,North,Online,Accessories,5,25.29,8.70,0.00
10398,2024-01-18,C0205,2024-01-18,North,Online,Accessories,2,22.33,8.49,0.10
10195,2024-01-20,C0097,2024-01-20,North,Online,Office,4,51.52,23.76,0.15
10023,2024-01-21,C0013,2024-01-21,North,Online,Home,5,70.54,29.56,0.15
10424,2024-01-23,C0217,2024-01-23,North,Store,Office,2,48.18,22.82,0.00
10112,2024-01-24,C0061,2024-01-24,North,Online,Accessories,2,24.74,8.91,0.00
10241,2024-01-24,C0121,2024-01-24,North,Online,Home,3,75.56,32.30,0.05
10171,2024-01-25,C0085,2024-01-25,North,Store,Electronics,1,180.17,123.42,0.00
10002,2024-02-02,C0001,2024-01-01,North,Store,Accessories,4,23.29,9.32,0.00
10243,2024-02-02,C0122,2024-02-02,South,Online,Home,2,69.74,31.05,0.05
10331,2024-02-04,C0170,2024-02-04,South,Online,Accessories,2,23.37,8.95,0.00
10092,2024-02-05,C0050,2024-02-05,South,Store,Office,5,57.57,23.65,0.00
10215,2024-02-05,C0109,2024-01-13,North,Store,Office,4,52.18,22.52,0.00
10351,2024-02-05,C0182,2024-02-05,South,Partner,Electronics,1,173.53,126.94,0.05
10116,2024-02-06,C0062,2024-02-06,South,Online,Home,1,74.94,30.01,0.00
10318,2024-02-06,C0158,2024-02-06,South,Online,Home,2,64.13,31.96,0.00
10425,2024-02-06,C0218,2024-02-06,South,Partner,Home,4,60.13,30.52,0.10
10216,2024-02-08,C0110,2024-02-08,South,Online,Office,4,52.84,22.68,0.00
10071,2024-02-09,C0038,2024-02-09,South,Partner,Electronics,2,172.23,120.74,0.00
10269,2024-02-10,C0133,2024-01-11,North,Online,Accessories,3,25.14,8.60,0.15
10377,2024-02-10,C0194,2024-02-10,South,Store,Office,4,54.70,22.07,0.00
10047,2024-02-13,C0026,2024-02-13,South,Online,Home,4,61.76,30.09,0.05
10456,2024-02-14,C0229,2024-01-01,North,Store,Electronics,1,181.08,131.29,0.05
10242,2024-02-15,C0121,2024-01-24,North,Online,Accessories,1,26.35,9.48,0.15
10026,2024-02-16,C0014,2024-02-16,South,Online,Home,3,72.26,29.30,0.00
10003,2024-02-17,C0002,2024-02-17,South,Online,Home,5,73.42,29.67,0.05
10143,2024-02-17,C0074,2024-02-17,South,Store,Office,4,54.60,21.80,0.00
10459,2024-02-17,C0230,2024-02-17,South,Store,Home,2,63.94,32.49,0.00
10317,2024-02-18,C0157,2024-01-08,North,Online,Accessories,1,26.68,8.87,0.15
10198,2024-02-20,C0098,2024-02-20,South,Online,Accessories,3,23.24,9.25,0.00
10172,2024-02-21,C0086,2024-02-21,South,Online,Accessories,1,21.67,9.27,0.15
10070,2024-02-23,C0037,2024-01-01,North,Partner,Electronics,1,193.45,122.84,0.10
10270,2024-02-24,C0134,2024-02-24,South,Online,Accessories,4,24.65,8.51,0.10
10401,2024-02-24,C0206,2024-02-24,South,Partner,Accessories,1,23.95,9.19,0.00
10293,2024-02-25,C0146,2024-02-25,South,Online,Electronics,5,194.40,121.06,0.10
10378,2024-03-02,C0195,2024-03-02,East,Online,Home,4,62.27,31.31,0.05
10093,2024-03-03,C0051,2024-03-03,East,Online,Electronics,4,162.85,132.61,0.00
10404,2024-03-03,C0207,2024-03-03,East,Store,Accessories,5,24.36,8.67,0.10
10319,2024-03-04,C0159,2024-03-04,East,Online,Office,1,51.33,23.86,0.10
10291,2024-03-05,C0145,2024-01-12,North,Online,Office,1,52.54,23.85,0.00
10199,2024-03-07,C0099,2024-03-07,East,Online,Office,2,50.55,22.77,0.10
10219,2024-03-07,C0111,2024-03-07,East,Online,Electronics,2,205.20,124.08,0.05
10091,2024-03-08,C0049,2024-01-08,North,Online,Electronics,5,195.47,132.94,0.00
10457,2024-03-09,C0229,2024-01-01,North,Online,Office,2,55.37,23.50,0.05
10295,2024-03-10,C0147,2024-03-10,East,Online,Electronics,5,168.06,125.88,0.15
10004,2024-03-11,C0003,2024-03-11,East,Online,Home,5,74.33,31.92,0.05
10028,2024-03-11,C0015,2024-03-11,East,Store,Home,1,63.33,29.88,0.00
10050,2024-03-14,C0027,2024-03-14,East,Online,Electronics,2,177.04,129.80,0.00
10174,2024-03-14,C0087,2024-03-14,East,Store,Accessories,2,26.12,9.45,0.00
10117,2024-03-16,C0063,2024-03-16,East,Online,Electronics,4,180.13,124.74,0.00
10352,2024-03-17,C0182,2024-02-05,South,Online,Office,3,56.84,22.72,0.15
10429,2024-03-17,C0219,2024-03-17,East,Online,Home,3,64.03,29.50,0.10
10146,2024-03-18,C0075,2024-03-18,East,Store,Home,2,69.38,31.46,0.00
10332,2024-03-18,C0171,2024-03-18,East,Store,Office,5,52.40,24.16,0.00
10353,2024-03-18,C0183,2024-03-18,East,Store,Home,2,64.62,32.66,0.05
10248,2024-03-20,C0123,2024-03-20,East,Online,Accessories,2,25.68,8.50,0.00
10294,2024-03-20,C0146,2024-02-25,South,Store,Electronics,5,204.28,123.32,0.00
10217,2024-03-23,C0110,2024-02-08,South,Store,Accessories,2,25.63,8.85,0.15
10271,2024-03-23,C0135,2024-03-23,East,Online,Office,3,56.40,22.97,0.15
10460,2024-03-23,C0231,2024-03-23,East,Store,Home,4,71.74,32.76,0.00
10048,2024-03-24,C0026,2024-02-13,South,Online,Accessories,5,26.26,8.73,0.10
10072,2024-03-24,C0039,2024-03-24,East,Store,Accessories,3,22.02,8.95,0.00
10024,2024-03-25,C0013,2024-01-21,North,Online,Home,1,62.07,30.17,0.00
10025,2024-04-01,C0013,2024-01-21,North,Online,Electronics,2,189.35,129.14,0.15
10074,2024-04-01,C0040,2024-04-01,West,Partner,Office,3,51.26,23.14,0.10
10149,2024-04-01,C0076,2024-04-01,West,Online,Electronics,4,174.16,129.49,0.05
10005,2024-04-02,C0004,2024-04-02,West,Online,Electronics,3,183.17,129.88,0.15
10272,2024-04-04,C0135,2024-03-23,East,Online,Electronics,2,163.51,118.62,0.00
10379,2024-04-04,C0196,2024-04-04,West,Store,Accessories,2,24.07,8.70,0.15
10430,2024-04-05,C0220,2024-04-05,West,Online,Accessories,5,25.95,8.56,0.10
10292,2024-04-06,C0145,2024-01-12,North,Online,Office,1,57.27,23.64,0.00
10221,2024-04-07,C0112,2024-04-07,West,Partner,Accessories,3,23.85,9.10,0.00
10120,2024-04-10,C0064,2024-04-10,West,Online,Accessories,4,26.46,9.35,0.00
10406,2024-04-10,C0208,2024-04-10,West,Online,Home,3,62.02,32.34,0.05
10461,2024-04-10,C0232,2024-04-10,West,Partner,Home,4,72.99,31.78,0.15
10176,2024-04-11,C0088,2024-04-11,West,Store,Electronics,5,178.11,124.67,0.00
10029,2024-04-12,C0015,2024-03-11,East,Store,Electronics,5,197.33,131.27,0.05
10249,2024-04-12,C0124,2024-04-12,West,Partner,Accessories,2,25.20,9.54,0.00
10297,2024-04-12,C0148,2024-04-12,West,Online,Accessories,5,24.16,8.59,0.10
10354,2024-04-12,C0184,2024-04-12,West,Partner,Accessories,1,22.24,8.64,0.00
10144,2024-04-13,C0074,2024-02-17,South,Online,Electronics,4,179.63,120.97,0.10
10402,2024-04-13,C0206,2024-02-24,South,Store,Home,3,71.23,29.62,0.00
10052,2024-04-14,C0028,2024-04-14,West,Store,Office,2,51.45,24.13,0.00
10405,2024-04-16,C0207,2024-03-03,East,Partner,Electronics,1,176.62,130.65,0.05
10032,2024-04-18,C0016,2024-04-18,West,Partner,Office,1,47.81,24.31,0.00
10095,2024-04-19,C0052,2024-04-19,West,Online,Electronics,1,178.90,120.64,0.10
10244,2024-04-19,C0122,2024-02-02,South,Online,Office,1,48.76,23.99,0.10
10274,2024-04-19,C0136,2024-04-19,West,Online,Accessories,3,23.48,8.46,0.05
10333,2024-04-19,C0172,2024-04-19,West,Partner,Office,3,54.43,23.41,0.10
10320,2024-04-20,C0160,2024-04-20,West,Online,Office,1,47.76,23.67,0.00
10139,2024-04-21,C0073,2024-01-11,North,Online,Electronics,3,198.12,124.49,0.05
10201,2024-04-24,C0100,2024-04-24,West,Partner,Accessories,1,25.05,8.53,0.10
10033,2024-05-01,C0017,2024-05-01,North,Store,Home,2,63.32,30.53,0.15
10200,2024-05-01,C0099,2024-03-07,East,Partner,Home,2,60.57,29.40,0.00
10276,2024-05-01,C0137,2024-05-01,North,Online,Office,1,48.22,24.11,0.00
10054,2024-05-02,C0029,2024-05-02,North,Online,Home,5,74.62,31.05,0.05
10302,2024-05-03,C0149,2024-05-03,North,Online,Electronics,4,182.96,124.88,0.10
10407,2024-05-03,C0208,2024-04-10,West,Online,Office,3,51.88,23.33,0.00
10411,2024-05-03,C0209,2024-05-03,North,Online,Home,1,63.54,30.21,0.00
10356,2024-05-04,C0185,2024-05-04,North,Online,Office,1,49.84,22.62,0.10
10458,2024-05-04,C0229,2024-01-01,North,Store,Electronics,3,167.35,127.13,0.00
10376,2024-05-05,C0193,2024-01-16,North,Online,Home,1,65.80,31.06,0.10
10097,2024-05-09,C0053,2024-05-09,North,Online,Electronics,3,188.40,124.98,0.00
10334,2024-05-09,C0173,2024-05-09,North,Online,Home,2,60.73,32.16,0.10
10222,2024-05-10,C0113,2024-05-10,North,Online,Accessories,2,24.33,8.89,0.05
10173,2024-05-11,C0086,2024-02-21,South,Online,Home,1,64.20,31.47,0.15
10202,2024-05-11,C0101,2024-05-11,North,Partner,Office,3,46.14,23.86,0.15
10150,2024-05-12,C0076,2024-04-01,West,Online,Home,3,66.40,31.46,0.10
10152,2024-05-12,C0077,2024-05-12,North,Partner,Home,4,64.76,30.04,0.10
10076,2024-05-14,C0041,2024-05-14,North,Store,Accessories,4,26.29,8.82,0.00
10462,2024-05-15,C0233,2024-05-15,North,Online,Accessories,5,23.47,8.65,0.05
10220,2024-05-16,C0111,2024-03-07,East,Online,Home,1,64.10,29.77,0.00
10250,2024-05-17,C0125,2024-05-17,North,Online,Home,4,69.30,31.98,0.00
10298,2024-05-19,C0148,2024-04-12,West,Online,Home,1,67.22,32.14,0.15
10140,2024-05-20,C0073,2024-01-11,North,Online,Office,2,55.63,23.47,0.00
10177,2024-05-20,C0089,2024-05-20,North,Partner,Accessories,5,23.89,8.89,0.00
10275,2024-05-20,C0136,2024-04-19,West,Online,Accessories,5,25.66,8.52,0.15
10382,2024-05-21,C0197,2024-05-21,North,Online,Accessories,3,21.41,9.10,0.00
10403,2024-05-21,C0206,2024-02-24,South,Online,Electronics,2,181.16,132.31,0.05
10006,2024-05-22,C0004,2024-04-02,West,Partner,Home,3,68.28,30.30,0.00
10118,2024-05-23,C0063,2024-03-16,East,Partner,Electronics,2,195.23,125.55,0.00
10122,2024-05-23,C0065,2024-05-23,North,Partner,Home,4,64.91,32.41,0.10
10008,2024-05-25,C0005,2024-05-25,North,Store,Home,2,74.67,31.19,0.00
10073,2024-05-25,C0039,2024-03-24,East,Online,Office,5,50.62,22.18,0.05
10218,2024-05-25,C0110,2024-02-08,South,Partner,Office,3,50.24,22.68,0.10
10432,2024-05-25,C0221,2024-05-25,North,Online,Accessories,1,25.75,9.51,0.15
10196,2024-05-26,C0097,2024-01-20,North,Online,Office,1,58.17,22.27,0.05
10321,2024-05-26,C0161,2024-05-26,North,Store,Home,4,61.91,29.43,0.10
10431,2024-05-26,C0220,2024-04-05,West,Online,Office,5,51.42,21.69,0.15
10049,2024-06-01,C0026,2024-02-13,South,Online,Home,2,76.12,31.60,0.05
10123,2024-06-01,C0065,2024-05-23,North,Online,Home,2,63.89,32.40,0.00
10464,2024-06-01,C0234,2024-06-01,South,Online,Home,3,67.64,29.74,0.10
10399,2024-06-02,C0205,2024-01-18,North,Partner,Home,3,71.17,30.76,0.15
10030,2024-06-04,C0015,2024-03-11,East,Store,Accessories,5,23.09,9.52,0.00
10034,2024-06-04,C0018,2024-06-04,South,Store,Home,4,67.59,32.28,0.05
10304,2024-06-04,C0150,2024-06-04,South,Partner,Accessories,3,23.87,8.70,0.00
10426,2024-06-04,C0218,2024-02-06,South,Online,Office,3,57.56,22.66,0.00
10251,2024-06-05,C0125,2024-05-17,North,Online,Home,3,69.51,30.21,0.15
10252,2024-06-05,C0126,2024-06-05,South,Online,Office,1,56.88,22.07,0.15
10436,2024-06-06,C0222,2024-06-06,South,Partner,Electronics,4,185.66,131.54,0.00
10380,2024-06-08,C0196,2024-04-04,West,Online,Accessories,5,22.29,9.30,0.10
10463,2024-06-08,C0233,2024-05-15,North,Online,Accessories,3,25.62,9.53,0.15
10383,2024-06-09,C0197,2024-05-21,North,Online,Office,1,49.86,21.72,0.00
10322,2024-06-10,C0162,2024-06-10,South,Online,Electronics,5,197.46,118.69,0.10
10408,2024-06-11,C0208,2024-04-10,West,Online,Electronics,4,181.71,127.13,0.10
10124,2024-06-12,C0066,2024-06-12,South,Online,Accessories,1,25.79,9.46,0.00
10197,2024-06-12,C0097,2024-01-20,North,Online,Electronics,5,193.39,119.06,0.00
10225,2024-06-13,C0114,2024-06-13,South,Store,Home,4,73.71,32.20,0.05
10433,2024-06-13,C0221,2024-05-25,North,Online,Home,2,61.99,29.66,0.15
10413,2024-06-16,C0210,2024-06-16,South,Online,Office,3,53.91,23.97,0.00
10155,2024-06-18,C0078,2024-06-18,South,Online,Office,5,52.33,23.10,0.00
10179,2024-06-18,C0090,2024-06-18,South,Online,Home,5,74.49,30.44,0.00
10203,2024-06-18,C0102,2024-06-18,South,Online,Home,4,75.34,30.34,0.00
10223,2024-06-18,C0113,2024-05-10,North,Online,Home,3,72.70,32.65,0.05
10077,2024-06-19,C0042,2024-06-19,South,Online,Home,4,63.05,31.91,0.00
10096,2024-06-19,C0052,2024-04-19,West,Online,Home,2,71.11,29.77,0.10
10113,2024-06-19,C0061,2024-01-24,North,Online,Accessories,4,22.15,9.02,0.15
10335,2024-06-19,C0174,2024-06-19,South,Store,Accessories,1,26.07,8.58,0.00
10075,2024-06-21,C0040,2024-04-01,West,Online,Electronics,3,173.19,128.94,0.10
10359,2024-06-21,C0186,2024-06-21,South,Store,Home,3,65.65,29.94,0.00
10027,2024-06-22,C0014,2024-02-16,South,Partner,Home,5,64.49,31.50,0.15
10277,2024-06-22,C0138,2024-06-22,South,Online,Electronics,1,165.56,121.15,0.10
10385,2024-06-22,C0198,2024-06-22,South,Online,Home,4,70.33,32.22,0.05
10051,2024-06-23,C0027,2024-03-14,East,Online,Office,3,57.14,22.80,0.15
10055,2024-06-23,C0030,2024-06-23,South,Store,Home,2,66.22,30.98,0.10
10145,2024-06-23,C0074,2024-02-17,South,Partner,Accessories,2,25.58,9.25,0.00
10357,2024-06-23,C0185,2024-05-04,North,Online,Electronics,1,170.18,128.54,0.05
10147,2024-06-24,C0075,2024-03-18,East,Online,Accessories,3,22.24,9.37,0.00
10009,2024-06-25,C0006,2024-06-25,South,Online,Office,4,52.01,23.67,0.00
10121,2024-06-25,C0064,2024-04-10,West,Online,Office,2,52.87,23.48,0.15
10153,2024-06-25,C0077,2024-05-12,North,Online,Electronics,3,176.73,123.80,0.05
10098,2024-06-26,C0054,2024-06-26,South,Partner,Electronics,5,181.52,123.77,0.00
10078,2024-07-02,C0043,2024-07-02,East,Store,Home,3,75.79,30.41,0.10
10183,2024-07-02,C0091,2024-07-02,East,Online,Electronics,3,193.35,126.08,0.15
10226,2024-07-02,C0114,2024-06-13,South,Online,Home,4,70.16,30.72,0.05
10031,2024-07-03,C0015,2024-03-11,East,Online,Office,5,47.04,23.74,0.10
10305,2024-07-05,C0151,2024-07-05,East,Store,Home,5,63.06,32.03,0.10
10360,2024-07-05,C0186,2024-06-21,South,Partner,Electronics,5,206.93,123.58,0.05
10125,2024-07-06,C0067,2024-07-06,East,Store,Electronics,1,194.65,128.53,0.10
10157,2024-07-06,C0079,2024-07-06,East,Online,Office,2,56.33,23.22,0.00
10278,2024-07-06,C0138,2024-06-22,South,Online,Home,3,67.49,31.93,0.15
10099,2024-07-07,C0055,2024-07-07,East,Online,Electronics,5,195.01,119.35,0.15
10414,2024-07-07,C0211,2024-07-07,East,Online,Electronics,4,204.90,128.37,0.00
10141,2024-07-09,C0073,2024-01-11,North,Store,Home,5,74.95,29.55,0.00
10437,2024-07-09,C0222,2024-06-06,South,Online,Electronics,4,193.12,120.05,0.10
10094,2024-07-10,C0051,2024-03-03,East,Online,Electronics,1,182.49,125.64,0.00
10273,2024-07-10,C0135,2024-03-23,East,Partner,Electronics,5,195.38,123.36,0.15
10279,2024-07-11,C0139,2024-07-11,East,Store,Accessories,4,23.84,9.34,0.10
10053,2024-07-13,C0028,2024-04-14,West,Store,Office,4,57.33,24.20,0.10
10440,2024-07-14,C0223,2024-07-14,East,Online,Electronics,4,192.09,129.08,0.00
10384,2024-07-15,C0197,2024-05-21,North,Store,Office,1,50.06,22.99,0.00
10036,2024-07-16,C0019,2024-07-16,East,Partner,Accessories,5,26.53,9.10,0.10
10228,2024-07-16,C0115,2024-07-16,East,Online,Home,5,73.91,31.60,0.00
10412,2024-07-16,C0209,2024-05-03,North,Online,Accessories,4,25.27,9.11,0.05
10148,2024-07-18,C0075,2024-03-18,East,Store,Home,5,71.83,31.11,0.05
10010,2024-07-19,C0007,2024-07-19,East,Online,Home,1,75.70,29.32,0.00
10057,2024-07-20,C0031,2024-07-20,East,Online,Office,1,52.24,22.54,0.15
10336,2024-07-20,C0175,2024-07-20,East,Store,Accessories,5,22.43,9.32,0.00
10355,2024-07-20,C0184,2024-04-12,West,Store,Accessories,4,25.90,9.06,0.10
10323,2024-07-21,C0163,2024-07-21,East,Partner,Accessories,4,21.60,9.49,0.00
10386,2024-07-22,C0199,2024-07-22,East,Store,Electronics,2,196.69,124.73,0.00
10466,2024-07-22,C0235,2024-07-22,East,Online,Home,4,60.53,32.32,0.10
10205,2024-07-23,C0103,2024-07-23,East,Store,Home,4,70.72,29.42,0.00
10409,2024-07-24,C0208,2024-04-10,West,Partner,Electronics,1,172.50,132.28,0.00
10035,2024-07-25,C0018,2024-06-04,South,Online,Home,3,62.27,30.02,0.15
10254,2024-07-25,C0127,2024-07-25,East,Partner,Office,5,56.75,22.03,0.05
10362,2024-07-25,C0187,2024-07-25,East,Online,Accessories,5,23.39,8.71,0.10
10442,2024-08-01,C0224,2024-08-01,West,Store,Accessories,1,23.80,8.76,0.10
10467,2024-08-01,C0235,2024-07-22,East,Online,Office,3,48.58,23.10,0.00
10427,2024-08-02,C0218,2024-02-06,South,Partner,Home,2,63.29,30.90,0.00
10126,2024-08-03,C0068,2024-08-03,West,Online,Home,1,68.08,32.83,0.00
10296,2024-08-03,C0147,2024-03-10,East,Partner,Office,2,57.18,22.68,0.15
10339,2024-08-03,C0176,2024-08-03,West,Online,Home,1,60.07,32.22,0.00
10358,2024-08-03,C0185,2024-05-04,North,Online,Home,1,70.00,29.49,0.00
10468,2024-08-04,C0236,2024-08-04,West,Store,Electronics,4,197.26,127.82,0.00
10161,2024-08-05,C0080,2024-08-05,West,Online,Office,2,48.12,22.56,0.15
10206,2024-08-07,C0104,2024-08-07,West,Partner,Accessories,2,24.46,9.01,0.10
10245,2024-08-07,C0122,2024-02-02,South,Online,Electronics,5,185.14,123.15,0.10
10184,2024-08-08,C0092,2024-08-08,West,Online,Electronics,3,200.29,129.13,0.15
10060,2024-08-09,C0032,2024-08-09,West,Store,Office,5,50.39,23.37,0.05
10154,2024-08-10,C0077,2024-05-12,North,Store,Accessories,1,26.42,9.38,0.05
10438,2024-08-12,C0222,2024-06-06,South,Store,Accessories,3,23.91,9.50,0.00
10012,2024-08-14,C0008,2024-08-14,West,Online,Home,2,71.06,32.23,0.10
10079,2024-08-14,C0044,2024-08-14,West,Online,Electronics,4,172.94,129.57,0.10
10119,2024-08-14,C0063,2024-03-16,East,Online,Office,4,46.99,23.90,0.00
10306,2024-08-15,C0152,2024-08-15,West,Online,Office,3,52.87,21.74,0.10
10324,2024-08-15,C0164,2024-08-15,West,Online,Accessories,4,25.18,9.21,0.00
10387,2024-08-15,C0200,2024-08-15,West,Online,Electronics,4,165.98,122.28,0.10
10230,2024-08-16,C0116,2024-08-16,West,Online,Accessories,3,25.99,9.30,0.00
10007,2024-08-17,C0004,2024-04-02,West,Online,Accessories,5,21.57,9.27,0.10
10280,2024-08-17,C0140,2024-08-17,West,Online,Office,5,47.14,22.11,0.15
10253,2024-08-18,C0126,2024-06-05,South,Store,Electronics,3,202.67,121.58,0.10
10465,2024-08-18,C0234,2024-06-01,South,Online,Electronics,3,179.06,120.56,0.15
10102,2024-08-19,C0056,2024-08-19,West,Store,Office,4,56.77,24.08,0.00
10255,2024-08-19,C0127,2024-07-25,East,Online,Home,4,68.99,31.89,0.00
10410,2024-08-20,C0208,2024-04-10,West,Online,Office,2,57.31,22.11,0.00
10038,2024-08-21,C0020,2024-08-21,West,Store,Office,5,57.15,23.62,0.05
10151,2024-08-21,C0076,2024-04-01,West,Online,Home,4,65.81,32.20,0.15
10178,2024-08-21,C0089,2024-05-20,North,Partner,Office,3,51.97,22.84,0.00
10337,2024-08-21,C0175,2024-07-20,East,Online,Accessories,3,21.30,8.54,0.00
10416,2024-08-21,C0212,2024-08-21,West,Online,Office,1,51.19,23.96,0.15
10365,2024-08-25,C0188,2024-08-25,West,Online,Home,5,67.57,30.86,0.05
10256,2024-08-26,C0128,2024-08-26,West,Store,Home,3,74.02,32.41,0.05
10127,2024-09-01,C0068,2024-08-03,West,Online,Accessories,2,25.24,8.50,0.05
10185,2024-09-01,C0093,2024-09-01,North,Online,Home,1,63.93,29.76,0.15
10259,2024-09-01,C0129,2024-09-01,North,Store,Accessories,1,26.35,9.27,0.00
10299,2024-09-01,C0148,2024-04-12,West,Partner,Electronics,5,176.47,128.42,0.05
10444,2024-09-03,C0225,2024-09-03,North,Store,Office,4,52.49,22.84,0.10
10361,2024-09-04,C0186,2024-06-21,South,Online,Accessories,2,26.21,8.79,0.05
10338,2024-09-05,C0175,2024-07-20,East,Store,Home,3,73.70,31.53,0.00
10039,2024-09-06,C0021,2024-09-06,North,Store,Electronics,3,180.53,124.67,0.00
10224,2024-09-06,C0113,2024-05-10,North,Online,Office,5,46.41,22.53,0.05
10013,2024-09-07,C0008,2024-08-14,West,Store,Accessories,2,26.74,9.15,0.05
10014,2024-09-07,C0009,2024-09-07,North,Online,Home,3,62.20,31.87,0.10
10281,2024-09-07,C0141,2024-09-07,North,Online,Electronics,2,196.23,119.62,0.15
10342,2024-09-07,C0177,2024-09-07,North,Store,Home,2,64.52,31.75,0.05
10233,2024-09-13,C0117,2024-09-13,North,Partner,Accessories,1,21.16,9.44,0.05
10340,2024-09-14,C0176,2024-08-03,West,Partner,Home,1,73.82,29.36,0.10
10058,2024-09-15,C0031,2024-07-20,East,Online,Electronics,4,195.63,120.15,0.10
10325,2024-09-15,C0165,2024-09-15,North,Online,Office,1,50.56,21.96,0.00
10400,2024-09-15,C0205,2024-01-18,North,Store,Accessories,4,23.40,8.62,0.15
10470,2024-09-15,C0237,2024-09-15,North,Online,Electronics,4,192.08,120.87,0.15
10129,2024-09-16,C0069,2024-09-16,North,Online,Electronics,1,190.74,128.52,0.15
10420,2024-09-16,C0213,2024-09-16,North,Online,Accessories,4,25.31,8.88,0.00
10439,2024-09-16,C0222,2024-06-06,South,Online,Office,3,51.51,22.17,0.00
10443,2024-09-16,C0224,2024-08-01,West,Partner,Office,2,52.40,22.02,0.05
10080,2024-09-17,C0045,2024-09-17,North,Online,Electronics,5,205.00,127.43,0.15
10142,2024-09-17,C0073,2024-01-11,North,Online,Home,1,75.27,31.41,0.05
10257,2024-09-17,C0128,2024-08-26,West,Online,Home,1,72.25,31.69,0.15
10367,2024-09-19,C0189,2024-09-19,North,Partner,Home,2,69.72,31.62,0.15
10100,2024-09-20,C0055,2024-07-07,East,Online,Electronics,1,182.55,125.73,0.10
10210,2024-09-20,C0105,2024-09-20,North,Store,Accessories,1,24.06,8.59,0.05
10056,2024-09-21,C0030,2024-06-23,South,Store,Office,2,54.05,22.58,0.00
10227,2024-09-21,C0114,2024-06-13,South,Online,Office,4,49.66,23.06,0.05
10156,2024-09-23,C0078,2024-06-18,South,Online,Accessories,5,26.30,9.14,0.00
10175,2024-09-23,C0087,2024-03-14,East,Online,Accessories,3,21.45,8.98,0.00
10469,2024-09-23,C0236,2024-08-04,West,Online,Electronics,1,186.52,132.39,0.00
10061,2024-09-24,C0033,2024-09-24,North,Partner,Office,1,48.60,23.10,0.00
10163,2024-09-24,C0081,2024-09-24,North,Online,Office,1,51.34,23.88,0.10
10388,2024-09-24,C0201,2024-09-24,North,Online,Office,1,48.21,21.98,0.00
10310,2024-09-25,C0153,2024-09-25,North,Online,Office,3,55.84,21.68,0.00
10103,2024-09-26,C0057,2024-09-26,North,Store,Electronics,3,186.46,132.69,0.05
10041,2024-10-01,C0022,2024-10-01,South,Partner,Electronics,3,184.23,119.84,0.10
10327,2024-10-01,C0166,2024-10-01,South,Store,Office,5,47.00,21.73,0.05
10344,2024-10-01,C0178,2024-10-01,South,Online,Accessories,4,24.81,9.06,0.15
10371,2024-10-02,C0190,2024-10-02,South,Store,Accessories,3,23.85,9.25,0.15
10441,2024-10-02,C0223,2024-07-14,East,Partner,Accessories,4,24.21,9.20,0.00
10017,2024-10-04,C0010,2024-10-04,South,Online,Home,4,67.99,31.70,0.10
10132,2024-10-04,C0070,2024-10-04,South,Online,Electronics,3,163.77,133.51,0.10
10428,2024-10-04,C0218,2024-02-06,South,Partner,Accessories,4,24.65,9.53,0.10
10081,2024-10-05,C0046,2024-10-05,South,Online,Office,1,54.21,23.13,0.05
10392,2024-10-05,C0202,2024-10-05,South,Online,Home,2,61.65,30.75,0.10
10415,2024-10-05,C0211,2024-07-07,East,Online,Home,2,63.87,29.59,0.05
10260,2024-10-06,C0130,2024-10-06,South,Online,Accessories,5,26.54,9.36,0.00
10015,2024-10-07,C0009,2024-09-07,North,Online,Accessories,5,22.94,8.69,0.10
10180,2024-10-07,C0090,2024-06-18,South,Online,Office,3,55.53,23.64,0.10
10165,2024-10-08,C0082,2024-10-08,South,Online,Accessories,1,22.05,9.51,0.15
10037,2024-10-09,C0019,2024-07-16,East,Online,Electronics,1,166.05,128.29,0.00
10114,2024-10-09,C0061,2024-01-24,North,Store,Home,5,64.09,29.55,0.10
10311,2024-10-09,C0154,2024-10-09,South,Store,Electronics,4,164.73,130.85,0.10
10341,2024-10-09,C0176,2024-08-03,West,Online,Electronics,3,166.60,132.57,0.00
10104,2024-10-11,C0057,2024-09-26,North,Online,Accessories,4,22.14,9.32,0.10
10105,2024-10-11,C0058,2024-10-11,South,Store,Office,5,52.72,22.69,0.00
10231,2024-10-11,C0116,2024-08-16,West,Online,Electronics,2,186.78,121.55,0.10
10283,2024-10-11,C0142,2024-10-11,South,Online,Office,4,55.41,23.10,0.00
10446,2024-10-11,C0226,2024-10-11,South,Store,Accessories,1,23.33,9.09,0.15
10211,2024-10-13,C0106,2024-10-13,South,Online,Home,4,70.99,29.62,0.00
10011,2024-10-14,C0007,2024-07-19,East,Online,Home,2,71.95,32.39,0.00
10368,2024-10-14,C0189,2024-09-19,North,Online,Home,3,72.17,31.80,0.10
10421,2024-10-14,C0214,2024-10-14,South,Online,Home,1,66.55,29.19,0.00
10473,2024-10-14,C0238,2024-10-14,South,Online,Accessories,3,24.60,8.99,0.00
10235,2024-10-16,C0118,2024-10-16,South,Online,Accessories,4,21.71,8.63,0.15
10186,2024-10-18,C0094,2024-10-18,South,Online,Office,3,47.94,24.33,0.10
10307,2024-10-18,C0152,2024-08-15,West,Online,Office,2,47.58,23.61,0.10
10343,2024-10-18,C0177,2024-09-07,North,Store,Office,3,52.44,24.02,0.15
10063,2024-10-19,C0034,2024-10-19,South,Online,Home,3,64.52,30.51,0.00
10229,2024-10-19,C0115,2024-07-16,East,Online,Office,2,52.60,23.44,0.10
10258,2024-10-20,C0128,2024-08-26,West,Store,Accessories,4,22.77,8.65,0.00
10445,2024-10-20,C0225,2024-09-03,North,Online,Electronics,3,166.83,123.30,0.00
10040,2024-10-21,C0021,2024-09-06,North,Online,Home,4,63.64,31.03,0.00
10389,2024-10-21,C0201,2024-09-24,North,Partner,Office,1,55.79,24.03,0.10
10434,2024-10-22,C0221,2024-05-25,North,Online,Office,1,46.85,22.53,0.00
10128,2024-10-23,C0068,2024-08-03,West,Store,Accessories,4,24.43,8.65,0.00
10381,2024-10-23,C0196,2024-04-04,West,Online,Office,1,48.81,23.52,0.00
10366,2024-10-24,C0188,2024-08-25,West,Online,Office,1,49.59,23.52,0.00
10059,2024-10-25,C0031,2024-07-20,East,Store,Electronics,3,168.04,122.84,0.15
10303,2024-10-25,C0149,2024-05-03,North,Online,Accessories,2,25.09,8.62,0.05
10101,2024-10-26,C0055,2024-07-07,East,Store,Home,5,76.14,32.14,0.00
10363,2024-10-26,C0187,2024-07-25,East,Online,Accessories,4,21.40,8.82,0.00
10285,2024-11-02,C0143,2024-11-02,East,Online,Accessories,1,30.21,8.49,0.05
10312,2024-11-02,C0155,2024-11-02,East,Store,Accessories,4,28.45,8.64,0.05
10474,2024-11-02,C0239,2024-11-02,East,Online,Electronics,2,209.40,125.99,0.10
10016,2024-11-03,C0009,2024-09-07,North,Partner,Electronics,2,213.76,133.07,0.00
10447,2024-11-03,C0226,2024-10-11,South,Online,Office,2,63.56,22.28,0.00
10166,2024-11-04,C0083,2024-11-04,East,Online,Office,5,62.45,22.95,0.00
10065,2024-11-05,C0035,2024-11-05,East,Online,Electronics,1,196.61,121.51,0.05
10064,2024-11-06,C0034,2024-10-19,South,Store,Electronics,4,226.14,132.31,0.00
10164,2024-11-08,C0081,2024-09-24,North,Online,Home,5,80.55,32.71,0.00
10246,2024-11-08,C0122,2024-02-02,South,Online,Office,4,53.12,23.58,0.15
10212,2024-11-09,C0107,2024-11-09,East,Store,Accessories,5,29.81,8.56,0.15
10364,2024-11-11,C0187,2024-07-25,East,Store,Accessories,2,25.92,8.82,0.05
10347,2024-11-12,C0179,2024-11-12,East,Partner,Home,5,87.52,31.93,0.00
10042,2024-11-13,C0023,2024-11-13,East,Store,Electronics,3,229.27,120.44,0.10
10108,2024-11-14,C0059,2024-11-14,East,Online,Home,4,74.81,32.72,0.10
10282,2024-11-14,C0141,2024-09-07,North,Online,Accessories,3,26.10,9.52,0.00
10187,2024-11-16,C0094,2024-10-18,South,Online,Home,2,86.83,31.54,0.05
10300,2024-11-16,C0148,2024-04-12,West,Online,Accessories,4,30.18,8.60,0.00
10394,2024-11-17,C0203,2024-11-17,East,Store,Electronics,2,213.50,120.83,0.00
10084,2024-11-18,C0047,2024-11-18,East,Online,Electronics,3,213.83,130.23,0.05
10232,2024-11-19,C0116,2024-08-16,West,Online,Home,3,86.79,31.19,0.10
10326,2024-11-19,C0165,2024-09-15,North,Store,Accessories,2,25.81,9.37,0.00
10136,2024-11-20,C0071,2024-11-20,East,Store,Electronics,4,210.11,128.26,0.00
10181,2024-11-20,C0090,2024-06-18,South,Store,Electronics,5,219.50,121.79,0.00
10188,2024-11-21,C0095,2024-11-21,East,Store,Office,5,60.92,22.63,0.05
10133,2024-11-22,C0070,2024-10-04,South,Online,Electronics,2,195.37,118.58,0.05
10204,2024-11-22,C0102,2024-06-18,South,Online,Accessories,1,30.05,8.48,0.00
10372,2024-11-22,C0191,2024-11-22,East,Store,Accessories,4,30.36,8.70,0.15
10207,2024-11-23,C0104,2024-08-07,West,Online,Accessories,2,25.08,9.32,0.10
10422,2024-11-24,C0215,2024-11-24,East,Online,Home,3,86.49,30.61,0.00
10263,2024-11-25,C0131,2024-11-25,East,Online,Electronics,5,225.11,121.69,0.15
10328,2024-11-25,C0167,2024-11-25,East,Store,Electronics,2,188.83,127.76,0.10
10021,2024-11-26,C0011,2024-11-26,East,Online,Office,2,58.04,23.32,0.10
10234,2024-11-26,C0117,2024-09-13,North,Online,Office,2,66.95,23.88,0.15
10237,2024-11-26,C0119,2024-11-26,East,Online,Home,2,85.37,31.49,0.00
10450,2024-11-26,C0227,2024-11-26,East,Partner,Accessories,5,26.01,8.69,0.15
10130,2024-12-01,C0069,2024-09-16,North,Online,Accessories,1,28.95,8.48,0.05
10022,2024-12-02,C0012,2024-12-02,West,Store,Office,5,60.45,22.53,0.00
10043,2024-12-04,C0024,2024-12-04,West,Store,Accessories,4,25.21,9.14,0.05
10088,2024-12-04,C0048,2024-12-04,West,Online,Accessories,1,24.92,8.79,0.15
10452,2024-12-07,C0228,2024-12-07,West,Online,Accessories,4,29.51,9.11,0.00
10284,2024-12-08,C0142,2024-10-11,South,Store,Office,2,66.03,21.67,0.00
10475,2024-12-08,C0240,2024-12-08,West,Store,Home,2,79.59,32.18,0.00
10167,2024-12-09,C0084,2024-12-09,West,Online,Electronics,5,234.26,120.26,0.15
10314,2024-12-09,C0156,2024-12-09,West,Online,Accessories,5,25.89,8.65,0.00
10423,2024-12-10,C0216,2024-12-10,West,Online,Accessories,4,30.86,8.76,0.00
10471,2024-12-10,C0237,2024-09-15,North,Online,Home,2,69.62,31.34,0.15
10286,2024-12-11,C0143,2024-11-02,East,Online,Home,4,70.52,31.26,0.10
10374,2024-12-11,C0192,2024-12-11,West,Online,Office,1,63.41,22.97,0.10
10390,2024-12-12,C0201,2024-09-24,North,Online,Home,4,69.08,30.84,0.10
10396,2024-12-12,C0204,2024-12-12,West,Online,Office,4,58.11,22.99,0.00
10329,2024-12-13,C0168,2024-12-13,West,Store,Office,3,54.90,23.86,0.05
10239,2024-12-17,C0120,2024-12-17,West,Online,Accessories,1,26.12,8.68,0.05
10066,2024-12-18,C0036,2024-12-18,West,Online,Home,1,73.92,32.48,0.00
10085,2024-12-18,C0047,2024-11-18,East,Partner,Accessories,5,25.91,9.42,0.00
10191,2024-12-18,C0096,2024-12-18,West,Store,Home,4,86.93,29.51,0.00
10213,2024-12-18,C0108,2024-12-18,West,Store,Electronics,4,190.09,122.44,0.05
10435,2024-12-19,C0221,2024-05-25,North,Online,Electronics,1,235.95,128.96,0.15
10137,2024-12-20,C0072,2024-12-20,West,Store,Electronics,2,204.74,131.08,0.05
10266,2024-12-20,C0132,2024-12-20,West,Online,Office,3,61.16,22.91,0.15
10158,2024-12-22,C0079,2024-07-06,East,Online,Accessories,4,30.82,8.83,0.00
10264,2024-12-22,C0131,2024-11-25,East,Online,Accessories,1,30.60,9.41,0.15
10082,2024-12-23,C0046,2024-10-05,South,Online,Accessories,2,24.72,9.15,0.05
10348,2024-12-24,C0180,2024-12-24,West,Online,Electronics,3,212.03,120.63,0.05
10109,2024-12-25,C0060,2024-12-25,West,Online,Office,2,65.44,22.95,0.10
10261,2024-12-26,C0130,2024-10-06,South,Online,Office,4,58.54,22.70,0.00
10288,2024-12-26,C0144,2024-12-26,West,Online,Accessories,2,26.73,9.41,0.15
10089,2025-01-01,C0048,2024-12-04,West,Online,Accessories,4,25.58,9.39,0.10
10391,2025-01-02,C0201,2024-09-24,North,Online,Office,2,46.77,22.86,0.00
10451,2025-01-02,C0227,2024-11-26,East,Online,Accessories,5,21.40,9.37,0.15
10287,2025-01-05,C0143,2024-11-02,East,Store,Electronics,2,198.50,119.04,0.10
10448,2025-01-07,C0226,2024-10-11,South,Online,Accessories,4,23.92,9.21,0.05
10062,2025-01-09,C0033,2024-09-24,North,Store,Home,3,73.12,32.36,0.00
10308,2025-01-10,C0152,2024-08-15,West,Store,Accessories,1,26.14,8.92,0.10
10417,2025-01-10,C0212,2024-08-21,West,Partner,Office,1,46.32,22.88,0.00
10393,2025-01-13,C0202,2024-10-05,South,Online,Home,3,74.83,31.94,0.00
10238,2025-01-14,C0119,2024-11-26,East,Store,Electronics,3,202.97,127.46,0.15
10373,2025-01-15,C0191,2024-11-22,East,Partner,Home,3,60.79,30.29,0.15
10289,2025-01-17,C0144,2024-12-26,West,Store,Home,5,75.17,31.65,0.10
10369,2025-01-17,C0189,2024-09-19,North,Partner,Accessories,1,26.25,9.19,0.05
10315,2025-01-20,C0156,2024-12-09,West,Online,Office,1,50.27,21.98,0.00
10044,2025-01-21,C0024,2024-12-04,West,Online,Electronics,4,177.95,121.47,0.10
10247,2025-01-22,C0122,2024-02-02,South,Online,Accessories,4,24.14,8.50,0.00
10115,2025-01-23,C0061,2024-01-24,North,Store,Electronics,1,190.36,124.81,0.10
10476,2025-01-23,C0240,2024-12-08,West,Store,Electronics,2,197.38,124.19,0.00
10106,2025-01-24,C0058,2024-10-11,South,Online,Home,2,63.62,31.97,0.00
10067,2025-01-26,C0036,2024-12-18,West,Store,Home,5,74.89,30.72,0.05
10192,2025-02-01,C0096,2024-12-18,West,Store,Electronics,4,165.29,118.82,0.00
10265,2025-02-02,C0131,2024-11-25,East,Online,Accessories,4,24.52,9.05,0.00
10162,2025-02-03,C0080,2024-08-05,West,Store,Office,3,48.96,22.54,0.15
10168,2025-02-05,C0084,2024-12-09,West,Store,Home,2,71.06,29.43,0.00
10267,2025-02-07,C0132,2024-12-20,West,Online,Office,1,47.01,23.97,0.15
10345,2025-02-07,C0178,2024-10-01,South,Online,Electronics,3,179.39,121.00,0.15
10159,2025-02-08,C0079,2024-07-06,East,Online,Office,2,49.20,22.02,0.05
10449,2025-02-08,C0226,2024-10-11,South,Store,Electronics,3,165.45,125.07,0.00
10182,2025-02-09,C0090,2024-06-18,South,Online,Office,2,54.86,22.36,0.05
10313,2025-02-09,C0155,2024-11-02,East,Online,Home,3,74.03,32.51,0.10
10370,2025-02-09,C0189,2024-09-19,North,Online,Office,4,51.68,24.00,0.00
10395,2025-02-09,C0203,2024-11-17,East,Online,Accessories,1,25.77,9.53,0.05
10208,2025-02-12,C0104,2024-08-07,West,Store,Office,2,46.34,22.63,0.10
10131,2025-02-15,C0069,2024-09-16,North,Store,Office,2,50.49,23.21,0.05
10236,2025-02-19,C0118,2024-10-16,South,Online,Electronics,2,178.39,120.44,0.05
10134,2025-02-22,C0070,2024-10-04,South,Online,Electronics,4,170.16,121.51,0.00
10301,2025-02-23,C0148,2024-04-12,West,Online,Office,2,50.04,21.81,0.05
10068,2025-02-26,C0036,2024-12-18,West,Partner,Electronics,1,173.12,119.82,0.00
10346,2025-03-01,C0178,2024-10-01,South,Online,Home,1,71.64,29.83,0.00
10107,2025-03-04,C0058,2024-10-11,South,Online,Office,5,57.58,23.61,0.00
10086,2025-03-06,C0047,2024-11-18,East,Partner,Accessories,5,26.03,8.87,0.05
10397,2025-03-10,C0204,2024-12-12,West,Store,Accessories,5,25.73,8.73,0.10
10045,2025-03-11,C0024,2024-12-04,West,Online,Electronics,3,184.09,125.62,0.00
10349,2025-03-11,C0180,2024-12-24,West,Partner,Electronics,5,176.80,121.38,0.00
10453,2025-03-11,C0228,2024-12-07,West,Store,Office,2,46.34,23.97,0.00
10209,2025-03-13,C0104,2024-08-07,West,Partner,Accessories,5,21.64,9.01,0.15
10262,2025-03-17,C0130,2024-10-06,South,Online,Accessories,5,22.52,9.14,0.00
10309,2025-03-26,C0152,2024-08-15,West,Online,Office,3,54.94,21.66,0.10
10418,2025-04-01,C0212,2024-08-21,West,Store,Office,2,50.75,22.16,0.10
10193,2025-04-03,C0096,2024-12-18,West,Online,Electronics,3,169.22,123.61,0.00
10472,2025-04-03,C0237,2024-09-15,North,Online,Home,2,70.72,30.90,0.15
10087,2025-04-06,C0047,2024-11-18,East,Online,Home,1,73.36,30.23,0.00
10083,2025-04-09,C0046,2024-10-05,South,Online,Electronics,3,164.73,123.76,0.15
10189,2025-04-09,C0095,2024-11-21,East,Store,Accessories,1,21.56,8.61,0.10
10018,2025-04-18,C0010,2024-10-04,South,Store,Electronics,1,188.99,124.43,0.05
10240,2025-04-23,C0120,2024-12-17,West,Online,Home,1,68.97,30.37,0.15
10110,2025-05-06,C0060,2024-12-25,West,Store,Home,2,63.87,32.17,0.00
10477,2025-05-06,C0240,2024-12-08,West,Online,Electronics,3,202.87,133.16,0.00
10169,2025-05-10,C0084,2024-12-09,West,Online,Electronics,2,189.61,123.41,0.00
10160,2025-05-11,C0079,2024-07-06,East,Online,Office,4,47.45,23.01,0.10
10190,2025-05-13,C0095,2024-11-21,East,Online,Office,1,56.83,22.79,0.00
10454,2025-05-14,C0228,2024-12-07,West,Online,Home,3,74.72,29.52,0.15
10194,2025-05-17,C0096,2024-12-18,West,Partner,Home,4,59.94,32.29,0.00
10135,2025-06-01,C0070,2024-10-04,South,Online,Accessories,3,23.60,9.05,0.00
10419,2025-06-05,C0212,2024-08-21,West,Online,Electronics,3,200.69,124.62,0.05
10170,2025-06-12,C0084,2024-12-09,West,Online,Accessories,4,21.90,9.26,0.00
10019,2025-06-16,C0010,2024-10-04,South,Partner,Office,3,55.93,24.28,0.00
10111,2025-08-04,C0060,2024-12-25,West,Online,Home,1,68.66,30.70,0.00
10020,2025-08-23,C0010,2024-10-04,South,Partner,Office,3,56.91,21.79,0.15
